{
  "formatVersion": 1,
  "database": {
    "version": 1,
    "identityHash": "591677d6659455985bfad1f1b5fc7f8f",
    "entities": [
      {
        "tableName": "animals",
        "createSql": "CREATE TABLE IF NOT EXISTS `${TABLE_NAME}` (`animalId` INTEGER NOT NULL, `organizationId` TEXT NOT NULL, `name` TEXT NOT NULL, `type` TEXT NOT NULL, `description` TEXT NOT NULL, `age` TEXT NOT NULL, `species` TEXT NOT NULL, `primaryBreed` TEXT NOT NULL, `secondaryBreed` TEXT NOT NULL, `primaryColor` TEXT NOT NULL, `secondaryColor` TEXT NOT NULL, `tertiaryColor` TEXT NOT NULL, `gender` TEXT NOT NULL, `size` TEXT NOT NULL, `coat` TEXT NOT NULL, `isSpayedOrNeutered` INTEGER NOT NULL, `isDeclawed` INTEGER NOT NULL, `hasSpecialNeeds` INTEGER NOT NULL, `shotsAreCurrent` INTEGER NOT NULL, `goodWithChildren` INTEGER NOT NULL, `goodWithDogs` INTEGER NOT NULL, `goodWithCats` INTEGER NOT NULL, `adoptionStatus` TEXT NOT NULL, `publishedAt` TEXT NOT NULL, PRIMARY KEY(`animalId`), FOREIGN KEY(`organizationId`) REFERENCES `organizations`(`organizationId`) ON UPDATE NO ACTION ON DELETE CASCADE )",
        "fields": [
          {
            "fieldPath": "animalId",
            "columnName": "animalId",
            "affinity": "INTEGER",
            "notNull": true
          },
          {
            "fieldPath": "organizationId",
            "columnName": "organizationId",
            "affinity": "TEXT",
            "notNull": true
          },
          {
            "fieldPath": "name",
            "columnName": "name",
            "affinity": "TEXT",
            "notNull": true
          },
          {
            "fieldPath": "type",
            "columnName": "type",
            "affinity": "TEXT",
            "notNull": true
          },
          {
            "fieldPath": "description",
            "columnName": "description",
            "affinity": "TEXT",
            "notNull": true
          },
          {
            "fieldPath": "age",
            "columnName": "age",
            "affinity": "TEXT",
            "notNull": true
          },
          {
            "fieldPath": "species",
            "columnName": "species",
            "affinity": "TEXT",
            "notNull": true
          },
          {
            "fieldPath": "primaryBreed",
            "columnName": "primaryBreed",
            "affinity": "TEXT",
            "notNull": true
          },
          {
            "fieldPath": "secondaryBreed",
            "columnName": "secondaryBreed",
            "affinity": "TEXT",
            "notNull": true
          },
          {
            "fieldPath": "primaryColor",
            "columnName": "primaryColor",
            "affinity": "TEXT",
            "notNull": true
          },
          {
            "fieldPath": "secondaryColor",
            "columnName": "secondaryColor",
            "affinity": "TEXT",
            "notNull": true
          },
          {
            "fieldPath": "tertiaryColor",
            "columnName": "tertiaryColor",
            "affinity": "TEXT",
            "notNull": true
          },
          {
            "fieldPath": "gender",
            "columnName": "gender",
            "affinity": "TEXT",
            "notNull": true
          },
          {
            "fieldPath": "size",
            "columnName": "size",
            "affinity": "TEXT",
            "notNull": true
          },
          {
            "fieldPath": "coat",
            "columnName": "coat",
            "affinity": "TEXT",
            "notNull": true
          },
          {
            "fieldPath": "isSpayedOrNeutered",
            "columnName": "isSpayedOrNeutered",
            "affinity": "INTEGER",
            "notNull": true
          },
          {
            "fieldPath": "isDeclawed",
            "columnName": "isDeclawed",
            "affinity": "INTEGER",
            "notNull": true
          },
          {
            "fieldPath": "hasSpecialNeeds",
            "columnName": "hasSpecialNeeds",
            "affinity": "INTEGER",
            "notNull": true
          },
          {
            "fieldPath": "shotsAreCurrent",
            "columnName": "shotsAreCurrent",
            "affinity": "INTEGER",
            "notNull": true
          },
          {
            "fieldPath": "goodWithChildren",
            "columnName": "goodWithChildren",
            "affinity": "INTEGER",
            "notNull": true
          },
          {
            "fieldPath": "goodWithDogs",
            "columnName": "goodWithDogs",
            "affinity": "INTEGER",
            "notNull": true
          },
          {
            "fieldPath": "goodWithCats",
            "columnName": "goodWithCats",
            "affinity": "INTEGER",
            "notNull": true
          },
          {
            "fieldPath": "adoptionStatus",
            "columnName": "adoptionStatus",
            "affinity": "TEXT",
            "notNull": true
          },
          {
            "fieldPath": "publishedAt",
            "columnName": "publishedAt",
            "affinity": "TEXT",
            "notNull": true
          }
        ],
        "primaryKey": {
          "columnNames": [
            "animalId"
          ],
          "autoGenerate": false
        },
        "indices": [
          {
            "name": "index_animals_organizationId",
            "unique": false,
            "columnNames": [
              "organizationId"
            ],
            "createSql": "CREATE INDEX IF NOT EXISTS `index_animals_organizationId` ON `${TABLE_NAME}` (`organizationId`)"
          }
        ],
        "foreignKeys": [
          {
            "table": "organizations",
            "onDelete": "CASCADE",
            "onUpdate": "NO ACTION",
            "columns": [
              "organizationId"
            ],
            "referencedColumns": [
              "organizationId"
            ]
          }
        ]
      },
      {
        "tableName": "photos",
        "createSql": "CREATE TABLE IF NOT EXISTS `${TABLE_NAME}` (`photoId` INTEGER PRIMARY KEY AUTOINCREMENT NOT NULL, `animalId` INTEGER NOT NULL, `medium` TEXT NOT NULL, `full` TEXT NOT NULL, FOREIGN KEY(`animalId`) REFERENCES `animals`(`animalId`) ON UPDATE NO ACTION ON DELETE CASCADE )",
        "fields": [
          {
            "fieldPath": "photoId",
            "columnName": "photoId",
            "affinity": "INTEGER",
            "notNull": true
          },
          {
            "fieldPath": "animalId",
            "columnName": "animalId",
            "affinity": "INTEGER",
            "notNull": true
          },
          {
            "fieldPath": "medium",
            "columnName": "medium",
            "affinity": "TEXT",
            "notNull": true
          },
          {
            "fieldPath": "full",
            "columnName": "full",
            "affinity": "TEXT",
            "notNull": true
          }
        ],
        "primaryKey": {
          "columnNames": [
            "photoId"
          ],
          "autoGenerate": true
        },
        "indices": [
          {
            "name": "index_photos_animalId",
            "unique": false,
            "columnNames": [
              "animalId"
            ],
            "createSql": "CREATE INDEX IF NOT EXISTS `index_photos_animalId` ON `${TABLE_NAME}` (`animalId`)"
          }
        ],
        "foreignKeys": [
          {
            "table": "animals",
            "onDelete": "CASCADE",
            "onUpdate": "NO ACTION",
            "columns": [
              "animalId"
            ],
            "referencedColumns": [
              "animalId"
            ]
          }
        ]
      },
      {
        "tableName": "videos",
        "createSql": "CREATE TABLE IF NOT EXISTS `${TABLE_NAME}` (`videoId` INTEGER PRIMARY KEY AUTOINCREMENT NOT NULL, `animalId` INTEGER NOT NULL, `video` TEXT NOT NULL, FOREIGN KEY(`animalId`) REFERENCES `animals`(`animalId`) ON UPDATE NO ACTION ON DELETE CASCADE )",
        "fields": [
          {
            "fieldPath": "videoId",
            "columnName": "videoId",
            "affinity": "INTEGER",
            "notNull": true
          },
          {
            "fieldPath": "animalId",
            "columnName": "animalId",
            "affinity": "INTEGER",
            "notNull": true
          },
          {
            "fieldPath": "video",
            "columnName": "video",
            "affinity": "TEXT",
            "notNull": true
          }
        ],
        "primaryKey": {
          "columnNames": [
            "videoId"
          ],
          "autoGenerate": true
        },
        "indices": [
          {
            "name": "index_videos_animalId",
            "unique": false,
            "columnNames": [
              "animalId"
            ],
            "createSql": "CREATE INDEX IF NOT EXISTS `index_videos_animalId` ON `${TABLE_NAME}` (`animalId`)"
          }
        ],
        "foreignKeys": [
          {
            "table": "animals",
            "onDelete": "CASCADE",
            "onUpdate": "NO ACTION",
            "columns": [
              "animalId"
            ],
            "referencedColumns": [
              "animalId"
            ]
          }
        ]
      },
      {
        "tableName": "tags",
        "createSql": "CREATE TABLE IF NOT EXISTS `${TABLE_NAME}` (`tag` TEXT NOT NULL, PRIMARY KEY(`tag`))",
        "fields": [
          {
            "fieldPath": "tag",
            "columnName": "tag",
            "affinity": "TEXT",
            "notNull": true
          }
        ],
        "primaryKey": {
          "columnNames": [
            "tag"
          ],
          "autoGenerate": false
        },
        "indices": [],
        "foreignKeys": []
      },
      {
        "tableName": "CachedAnimalTagCrossRef",
        "createSql": "CREATE TABLE IF NOT EXISTS `${TABLE_NAME}` (`animalId` INTEGER NOT NULL, `tag` TEXT NOT NULL, PRIMARY KEY(`animalId`, `tag`))",
        "fields": [
          {
            "fieldPath": "animalId",
            "columnName": "animalId",
            "affinity": "INTEGER",
            "notNull": true
          },
          {
            "fieldPath": "tag",
            "columnName": "tag",
            "affinity": "TEXT",
            "notNull": true
          }
        ],
        "primaryKey": {
          "columnNames": [
            "animalId",
            "tag"
          ],
          "autoGenerate": false
        },
        "indices": [
          {
            "name": "index_CachedAnimalTagCrossRef_tag",
            "unique": false,
            "columnNames": [
              "tag"
            ],
            "createSql": "CREATE INDEX IF NOT EXISTS `index_CachedAnimalTagCrossRef_tag` ON `${TABLE_NAME}` (`tag`)"
          }
        ],
        "foreignKeys": []
      },
      {
        "tableName": "organizations",
        "createSql": "CREATE TABLE IF NOT EXISTS `${TABLE_NAME}` (`organizationId` TEXT NOT NULL, `email` TEXT NOT NULL, `phone` TEXT NOT NULL, `address1` TEXT NOT NULL, `address2` TEXT NOT NULL, `city` TEXT NOT NULL, `state` TEXT NOT NULL, `postcode` TEXT NOT NULL, `country` TEXT NOT NULL, `distance` REAL NOT NULL, PRIMARY KEY(`organizationId`))",
        "fields": [
          {
            "fieldPath": "organizationId",
            "columnName": "organizationId",
            "affinity": "TEXT",
            "notNull": true
          },
          {
            "fieldPath": "email",
            "columnName": "email",
            "affinity": "TEXT",
            "notNull": true
          },
          {
            "fieldPath": "phone",
            "columnName": "phone",
            "affinity": "TEXT",
            "notNull": true
          },
          {
            "fieldPath": "address1",
            "columnName": "address1",
            "affinity": "TEXT",
            "notNull": true
          },
          {
            "fieldPath": "address2",
            "columnName": "address2",
            "affinity": "TEXT",
            "notNull": true
          },
          {
            "fieldPath": "city",
            "columnName": "city",
            "affinity": "TEXT",
            "notNull": true
          },
          {
            "fieldPath": "state",
            "columnName": "state",
            "affinity": "TEXT",
            "notNull": true
          },
          {
            "fieldPath": "postcode",
            "columnName": "postcode",
            "affinity": "TEXT",
            "notNull": true
          },
          {
            "fieldPath": "country",
            "columnName": "country",
            "affinity": "TEXT",
            "notNull": true
          },
          {
            "fieldPath": "distance",
            "columnName": "distance",
            "affinity": "REAL",
            "notNull": true
          }
        ],
        "primaryKey": {
          "columnNames": [
            "organizationId"
          ],
          "autoGenerate": false
        },
        "indices": [],
        "foreignKeys": []
      }
    ],
    "views": [],
    "setupQueries": [
      "CREATE TABLE IF NOT EXISTS room_master_table (id INTEGER PRIMARY KEY,identity_hash TEXT)",
      "INSERT OR REPLACE INTO room_master_table (id,identity_hash) VALUES(42, '591677d6659455985bfad1f1b5fc7f8f')"
    ]
  }
}